{"cameraMode":{"drawMode":0,"name":"Shaded","section":"Shading Mode"},"sceneLighting":true,"audioPlay":false,"sceneViewState":{"showFog":true,"showMaterialUpdate":false,"showSkybox":true,"showFlares":true,"showImageEffects":true,"showParticleSystems":true},"in2DMode":false,"pivot":{"x":-3.2224373817443849,"y":5.149561882019043,"z":7.741928577423096},"rotation":{"x":-0.008049281314015389,"y":-0.9456930756568909,"z":0.3248741924762726,"w":-0.022716570645570756},"size":2.673754930496216,"orthographic":false}