{"cameraMode":{"drawMode":0,"name":"Shaded","section":"Shading Mode"},"sceneLighting":true,"audioPlay":false,"sceneViewState":{"showFog":true,"showMaterialUpdate":false,"showSkybox":true,"showFlares":true,"showImageEffects":true,"showParticleSystems":true},"in2DMode":false,"pivot":{"x":-0.49877506494522097,"y":-0.3456193506717682,"z":1.6100351810455323},"rotation":{"x":-0.2918136417865753,"y":0.6306744813919067,"z":-0.2777489721775055,"w":-0.6634085774421692},"size":11.79289436340332,"orthographic":false}