{"cameraMode":{"drawMode":0,"name":"Shaded","section":"Shading Mode"},"sceneLighting":true,"audioPlay":false,"sceneViewState":{"showFog":true,"showMaterialUpdate":false,"showSkybox":true,"showFlares":true,"showImageEffects":true,"showParticleSystems":true},"in2DMode":false,"pivot":{"x":3.624941825866699,"y":-2.4631316661834719,"z":3.4873480796813967},"rotation":{"x":-0.3815254867076874,"y":0.5700488686561585,"z":-0.3377496600151062,"w":-0.6446457505226135},"size":16.377132415771486,"orthographic":false}